period,strategy,gross,net,long,short,positions,daily_turnover
train,reversal,0.9968785824902988,-6.00094082658916e-05,0.4984092865410164,-0.49846929594928235,129.32450331125827,0.07811396401038728
train,momentum,0.9985279711566002,-0.000486381359943116,0.49902079489832857,-0.4995071762582717,129.32450331125827,0.03552879676346239
train,volatility,0.9969892623376665,0.00015592687710158418,0.4985725946073841,-0.49841666773028254,129.32450331125827,0.029533961465657614
train,ensemble,0.9973247209657319,-0.00015151028014714942,0.4985866053427923,-0.4987381156229394,129.32450331125827,0.051509649894170784
train,equal_weight,0.9973710483821264,-0.00019263334673388834,0.49858920751769625,-0.49878184086443017,129.32450331125827,0.05821639128321829
validation,reversal,1.0030610892044958,0.00034216983134644646,0.5017016295179211,-0.5013594596865746,161.00596421471172,0.07841396827937354
validation,momentum,1.0037848187266032,-0.00027809913113422167,0.5017533597977344,-0.5020314589288686,161.00596421471172,0.034082714078254216
validation,volatility,1.0032194492913573,0.0006152099191872002,0.5019173296052722,-0.5013021196860851,161.00596421471172,0.02802683325527523
validation,ensemble,1.0038260055312567,0.0001764669527835013,0.50200123624202,-0.5018247692892365,161.00596421471172,0.047669108589347954
validation,equal_weight,1.0036587710132394,0.00010350091016183823,0.5018811359617006,-0.5017776350515388,161.00596421471172,0.05440485241758409
test,reversal,1.0024995587568517,0.0013001399227237222,0.5018998493397877,-0.5005997094170639,185.82957559681697,0.07841622627062375
test,momentum,1.0050145945699374,-0.0004650147810232274,0.5022747898944571,-0.5027398046754803,185.82957559681697,0.03623494669621403
test,volatility,1.0041093584866896,-3.3375812370696223e-05,0.5020379913371594,-0.50207136714953,185.82957559681697,0.02953318668632229
test,ensemble,1.0034562171388468,0.0008157781207350491,0.5021359976297909,-0.5013202195090559,185.82957559681697,0.06540768354873606
test,equal_weight,1.0044105637706235,4.150241281337613e-05,0.5022260330917185,-0.5021845306789051,185.82957559681697,0.05665577723790083
