period,factor,horizon,mean_ic,median_ic,ic_std,ic_ir,pct_positive,t_stat_nw,n_days
train,reversal,1,0.013888584847657433,0.011460677907111975,0.1748174397088905,0.07944622041590921,0.5287102473498233,3.7848953697676078,2264
train,reversal,5,0.018147414834140552,0.011935763536627963,0.16385034508497998,0.11075603670366704,0.5367256637168142,3.2826299012107576,2260
train,reversal,10,0.013354836816275632,0.007283607929644867,0.15628293519258554,0.08545294340561643,0.5201773835920177,2.1714388221791303,2255
train,reversal,20,0.009283370924436039,0.006889220302368083,0.15557835049507499,0.05967006909955582,0.5158129175946548,1.3596093355175827,2245
train,momentum,1,0.00909008604908691,0.01358860358602056,0.20736809416996918,0.043835509437803025,0.5256183745583038,2.043939962479771,2264
train,momentum,5,0.0052312835357358235,0.012881013108810568,0.21044410033647076,0.024858304544397924,0.5252212389380531,0.6281933504669095,2260
train,momentum,10,0.00252962288333735,0.008541435830566674,0.2061045833641361,0.012273491651896593,0.517960088691796,0.22374004667753505,2255
train,momentum,20,-0.002672031681316527,0.00742161023418567,0.20614244346958965,-0.012962064659482452,0.5167037861915368,-0.1696615177404396,2245
train,volatility,1,0.014632336386316617,0.009771753416158081,0.28365473501883776,0.0515850242561432,0.5114840989399293,2.49340413157332,2264
train,volatility,5,0.00711446264493584,-0.002685219606795714,0.2781688322737946,0.025576059642560003,0.49336283185840707,0.657139447136277,2260
train,volatility,10,0.007372534846530886,0.001834886195208651,0.2671035860548751,0.027601781598754857,0.5033259423503326,0.5003963984904883,2255
train,volatility,20,0.0071129823122162775,-0.003712309821762739,0.27086440435483433,0.026260306625222777,0.4953229398663697,0.3326179030903453,2245
validation,reversal,1,0.006819555503730856,0.002807327986359773,0.18355532575012726,0.03715258860434415,0.5074626865671642,1.2118715832414784,1005
validation,reversal,5,0.011412228049513926,0.005853689307439342,0.17667342749087106,0.06459504528548081,0.5114885114885115,1.264601945578027,1001
validation,reversal,10,0.020199857155780147,0.014904069781526684,0.1804934341446364,0.11191463695899995,0.5431726907630522,1.8829570453810296,996
validation,reversal,20,0.028128940562689917,0.023679824000851033,0.16880794042416908,0.16663280466552363,0.5608519269776876,2.647679117315245,986
validation,momentum,1,0.004987179329384776,0.013759683080347213,0.213318821745823,0.023378993417314007,0.5343283582089552,0.7347999673387953,1005
validation,momentum,5,0.005188723524253777,0.0159898116667001,0.22189648552933383,0.023383531793557174,0.5314685314685315,0.3880341485567741,1001
validation,momentum,10,0.0022277378501585395,0.013159289946999839,0.21982063508272087,0.010134343617559915,0.5210843373493976,0.12627897363780977,996
validation,momentum,20,-0.008436999927198846,0.013319210745730552,0.20784454677699402,-0.04059283757033708,0.5273833671399595,-0.4053645699285387,986
validation,volatility,1,0.0005407495427305272,-0.0008981656683434375,0.24076023952527956,0.002246008492917075,0.49850746268656715,0.07101018863508031,1005
validation,volatility,5,-0.00221141348800984,-0.001375376573650361,0.2421819262428388,-0.009131207775564676,0.4955044955044955,-0.14875211265106256,1001
validation,volatility,10,-0.007551933261461492,-0.005383264965832003,0.24580602450870395,-0.030723141454956807,0.48895582329317266,-0.36980339988946875,996
validation,volatility,20,-0.01221510143261561,0.008431426788537606,0.23669755643406012,-0.051606368974149205,0.5141987829614605,-0.4680397676754024,986
test,reversal,1,0.013699579412121712,0.0049282985964898985,0.22001906040277666,0.06226542094599737,0.5109489051094891,2.4914044194219818,1507
test,reversal,5,0.014877294193016508,0.006439488241150774,0.20092670569449042,0.07404338881481226,0.5182967398536261,1.7057769503789488,1503
test,reversal,10,0.009893136289860691,0.005731414690178787,0.19355335273214988,0.05111322614778663,0.5113484646194927,1.0485748903244592,1498
test,reversal,20,0.006231654219459881,0.005237182682251077,0.1833986577725076,0.03397873406025569,0.5114247311827957,0.6648161102532596,1488
test,momentum,1,0.01007494973304348,0.022066120542242013,0.2542207684770343,0.03963071071415484,0.5341738553417386,1.564663474293728,1507
test,momentum,5,0.0025865181771407672,0.010293218766689404,0.24005883174457415,0.010774517889401617,0.5176314038589488,0.2333028690032726,1503
test,momentum,10,-0.002654547011916847,0.008190742941248249,0.22515256696733715,-0.011789992215820225,0.5166889185580774,-0.18579549171527332,1498
test,momentum,20,-0.005086309981140525,0.02175791313762759,0.2109823447468625,-0.02410775170426275,0.5349462365591398,-0.2821115834719581,1488
test,volatility,1,0.003548765160944611,0.0086814898224829,0.29187418742582544,0.01215854403653446,0.5109489051094891,0.46889517859049284,1507
test,volatility,5,-0.0050051881989975205,-0.005573983606314471,0.28410632688859444,-0.017617306357841818,0.49700598802395207,-0.3708084603686171,1503
test,volatility,10,-0.011814905226807273,0.0007289534071941439,0.27313334173655646,-0.04325691309486129,0.5026702269692924,-0.6619082004634445,1498
test,volatility,20,-0.016673870374536662,0.005035591814074775,0.25798417107332056,-0.06463136984399658,0.5067204301075269,-0.6959982059520133,1488
train+validation,reversal,1,0.0117586220855778,0.008662639819844543,0.17754141485521133,0.06623030516664069,0.5223241590214067,3.8246493182289916,3270
train+validation,reversal,5,0.01602437379263242,0.009974685975474174,0.16783341629144352,0.09547785027986333,0.5287813839559093,3.3910842036886555,3266
train+validation,reversal,10,0.015417052817632946,0.00940783473064586,0.1641011255330679,0.09394848918648194,0.5268322600429316,2.8689007870621626,3261
train+validation,reversal,20,0.014028174656648157,0.010340791863394181,0.1604977015608404,0.08740420903367548,0.5272223931098123,2.390506102548238,3251
train+validation,momentum,1,0.007745769766614855,0.013717490010195336,0.2092131939558315,0.03702333308983429,0.5281345565749236,2.0818755415898194,3270
train+validation,momentum,5,0.005393389671985463,0.014207124207089023,0.21395693734663435,0.025207827981046316,0.5272504592774035,0.7617383240557203,3266
train+validation,momentum,10,0.002963475199914696,0.00951901557896374,0.2107157010970283,0.014063855633378284,0.5197792088316467,0.31106790592613404,3261
train+validation,momentum,20,-0.0029054053792496658,0.010230734676985332,0.20697056032486913,-0.014037771239973585,0.5229160258382036,-0.228877902275606,3251
train+validation,volatility,1,0.010247988590621208,0.006540799344589411,0.2712070433442102,0.037786587192776847,0.5073394495412844,2.1841305571844303,3270
train+validation,volatility,5,0.004554323062482059,-0.0024139635545547605,0.26760048859124075,0.017019113404679837,0.4947948560930802,0.5184380229492,3266
train+validation,volatility,10,0.003714101409158984,-0.00021037862488497002,0.2612368384155033,0.014217372372466163,0.4998466727997547,0.30925407723735304,3261
train+validation,volatility,20,0.0035209945864945864,0.002680599168516921,0.2619140143480956,0.013443322592944664,0.5041525684404798,0.20753787696297205,3251
