date,reversal,momentum,volatility
2007,0.023703705172380893,0.07667883492721024,0.020852868311062638
2008,0.028817269013276692,-0.022962872655492038,0.04560671111421511
2009,0.021209766143656633,-0.004634164361151346,-0.0352201369287734
2010,0.01952052932738641,-0.02300706001080472,-0.02874459182100605
2011,0.031604415029986524,0.013243692514661143,0.038107961587731914
2012,-0.016613246777906075,-0.03190900750675857,-0.0075709684481847575
2013,0.03258787912481163,0.01839000302469035,-0.022567242624288896
2014,0.022064822766170663,-0.00578932271881712,0.019065020171088454
2015,-0.0006041549705978249,0.029725614835759237,0.03820451003567803
2016,0.007538784605890347,-0.010667317510055343,-0.030804525961136288
2017,0.013987524747594222,0.026343654407257028,0.007437566697290167
2018,0.0202195467213861,0.017685843066443087,0.019231871372307776
2019,0.00379713205734822,-0.01283128585257794,-0.004635276577978101
