period,signal,mean_ic,median_ic,ic_std,ic_ir,pct_positive,t_stat_nw,n_days
train,ensemble,0.011903228428889388,0.012393208944772102,0.12122766380273836,0.09818904411338257,0.5444887118193891,2.499015901303944,2259
train,equal_weight,0.011743806437434825,0.01282507110930516,0.11417959714127549,0.10285380866166574,0.5506861443116423,2.673415642583876,2259
train,reversal,0.006472870236315239,0.003658112066068085,0.11164816537359024,0.05797560770171294,0.5143868968570163,1.6812658992349248,2259
train,momentum,0.007966708511572771,0.013238437388032348,0.15223124576434524,0.052332939086009174,0.534307215582116,1.2959189173199868,2259
train,volatility,0.009785402580502893,0.009107294327334,0.10774210340044331,0.0908224572536295,0.5334218680832227,2.3658395592382453,2259
validation,ensemble,0.01233682221829601,0.018163322489677093,0.15048022751226145,0.08198301147099728,0.555,1.4029831898462175,1000
validation,equal_weight,0.013244270035092905,0.017529352369047298,0.14413959080922065,0.09188502590258266,0.554,1.593227926040562,1000
validation,reversal,0.015186369294242379,0.008306818281601732,0.12925331372666346,0.11749307508167667,0.526,2.2275729272719813,1000
validation,momentum,0.007804811674681609,0.01087253347836075,0.1761657029791188,0.04430380909958805,0.535,0.7374250831381566,1000
validation,volatility,0.00558658311965833,0.009674290845205833,0.11900660700808145,0.04694347028378818,0.531,0.8093933034551645,1000
test,ensemble,0.009635400687630752,0.012571839058743872,0.147381459272616,0.06537729192793414,0.5346205059920106,1.4219925359658525,1502
test,equal_weight,0.010749828178158631,0.012991135731686431,0.15093499986017753,0.07122157344629813,0.5359520639147803,1.5337958937153398,1502
test,reversal,0.005116568761577217,0.005064261304974057,0.1458915346374684,0.03507104626935058,0.5193075898801598,0.8136705038228567,1502
test,momentum,0.005701811535607182,0.011867853471689081,0.18700150398938875,0.03049072555015775,0.525965379494008,0.651949059197803,1502
test,volatility,0.010223794804551828,0.012060969689809607,0.11866714604535701,0.08615522615369955,0.5419440745672437,1.834827924679245,1502
