period,strategy,realized_beta,realized_beta_t,mean_ex_ante_beta,mean_net_exposure,max_abs_net_exposure
train,reversal,0.03746552582293789,2.6050230374591514,0.004754606084879813,-6.00094082658916e-05,0.07270389859977111
train,momentum,-0.09562330811705493,-6.768227594216797,-0.012834278958423127,-0.000486381359943116,0.10824526003050927
train,volatility,-0.08671632863477349,-8.193854196837107,0.015638698300768555,0.00015592687710158418,0.06563805497798803
train,ensemble,-0.07665913606499199,-5.954741212561983,0.010942163351678105,-0.00015151028014714942,0.08153482235835441
train,equal_weight,-0.06585841017759339,-5.051166189351945,0.011153356829617921,-0.00019263334673388834,0.08000993460384553
validation,reversal,0.023635718000136675,1.6355616119391694,-0.004338096827447956,0.00034216983134644646,0.028040748536393045
validation,momentum,-0.008934025071060213,-0.5429761946500932,0.0028623079373218,-0.00027809913113422167,0.05914559698543598
validation,volatility,-0.05526222834258692,-4.590818546705619,0.00017416599950348014,0.0006152099191872002,0.032269493409454175
validation,ensemble,-0.007248587810244781,-0.5118388747145891,0.010187873433581997,0.0001764669527835013,0.048968042983346116
validation,equal_weight,-0.0012659440009805348,-0.09339916696546015,0.009156696404602016,0.00010350091016183823,0.04594948683835831
test,reversal,0.029274583797122434,2.6891694695170574,0.009032332280440298,0.0013001399227237222,0.06636588430453483
test,momentum,-0.029171134454523993,-1.9911485873042138,-0.008707759886339733,-0.0004650147810232274,0.15465247584238728
test,volatility,-0.04008667801377709,-3.970262857220318,0.010900105255904569,-3.3375812370696223e-05,0.09035899928577806
test,ensemble,0.00575156741179464,0.496468474451915,0.013838355367533866,0.0008157781207350491,0.06323853135962904
test,equal_weight,-0.008090356286192708,-0.6353686650512189,0.012255945344517525,4.150241281337613e-05,0.10085231343260825
