period,strategy,n_days,cumulative_return,cagr,ann_return,ann_volatility,sharpe,sharpe_gross,max_drawdown,win_rate,avg_daily_return,daily_volatility,avg_daily_turnover,ann_turnover,ann_cost_drag,avg_gross_exposure,avg_net_exposure,max_abs_net_exposure,ir_vs_SPY,ir_vs_equal_weight_composite,market_beta,market_beta_t,market_alpha_ann,market_alpha_t
train,reversal,2265,-0.1201460793176986,-0.014140067861066585,-0.01270285870755171,0.05546658909163943,-0.22901820565466202,-0.01610912051278328,-0.24613446374220338,0.4949227373068433,-5.040816947441155e-05,0.003494066685940141,0.07811396401038728,19.684718930617596,0.011810831358370556,0.9968785824902988,-6.00094082658916e-05,0.07270389859977111,-0.4541544941341681,0.03471752153999934,0.03746552582293789,2.6050230374591514,-0.015876038380741503,-0.8297122942705781
train,momentum,2265,-0.18700823189110782,-0.022771015387639038,-0.020362896316514452,0.07297865220417496,-0.2790253821013912,-0.20551634842306504,-0.3889024430969368,0.5121412803532008,-8.080514411315259e-05,0.004597222970212444,0.03552879676346239,8.953256784392522,0.005371954070635513,0.9985279711566002,-0.000486381359943116,0.10824526003050927,-0.42679992194428146,-0.12125608842231758,-0.09562330811705493,-6.768227594216797,-0.012263985893257286,-0.4958675220575253
train,volatility,2265,-0.016759894580517742,-0.0018787127304773499,-0.00034033809330534157,0.055505255215986676,-0.006131637301386862,0.07433850987066733,-0.23547834405923296,0.5006622516556292,-1.3505479893069109e-06,0.0034965024228255106,0.029533961465657614,7.442558289345719,0.004465534973607431,0.9969892623376665,0.00015592687710158418,0.06563805497798803,-0.35456211627900913,0.3056657139155,-0.08671632863477349,-8.193854196837107,0.007004186915043561,0.43348015877415447
train,ensemble,2265,-0.11869761146195978,-0.013959629720236788,-0.01220264793304781,0.06086501228608729,-0.2004870692490952,-0.07259853447526626,-0.3479838684602944,0.5037527593818985,-4.8423206083523057e-05,0.003834135382235187,0.051509649894170784,12.980431773331038,0.007788259063998625,0.9973247209657319,-0.00015151028014714942,0.08153482235835441,-0.4051136940003451,0.2200278688200326,-0.07665913606499199,-5.954741212561983,-0.005709926771857177,-0.2829578580120527
train,equal_weight,2265,-0.14051484629290556,-0.016705804872286123,-0.015128381747168325,0.058575906403554215,-0.25826969954066953,-0.10815432787817582,-0.34885929262537463,0.5099337748344371,-6.003326090146161e-05,0.003689935265809531,0.05821639128321829,14.67053060337101,0.008802318362022605,0.9973710483821264,-0.00019263334673388834,0.08000993460384553,-0.4220774496350851,,-0.06585841017759339,-5.051166189351945,-0.009550438721044075,-0.48940422505662295
validation,reversal,1006,0.007800081788586377,0.0019482116468352295,0.002691746772615982,0.03863171834550001,0.06967711735063238,0.3784138959954137,-0.06563903174572339,0.49801192842942343,1.0681534811968183e-05,0.0024335695109829678,0.07841396827937354,19.760320006402132,0.011856192003841278,1.0030610892044958,0.00034216983134644646,0.028040748536393045,-1.0617894702182358,0.17377569973385196,0.023635718000136675,1.6355616119391694,-0.0006711405246653964,-0.035647749765319564
validation,momentum,1006,-0.06578210824317698,-0.016900766863511718,-0.015456785816216123,0.05634004856984285,-0.2743481095344615,-0.18296939702361492,-0.10897053113007715,0.5228628230616302,-6.133645165165128e-05,0.003549089461169153,0.034082714078254216,8.588843947720063,0.005153306368632038,1.0037848187266032,-0.00027809913113422167,0.05914559698543598,-1.114128933623668,-0.2945650504827065,-0.008934025071060213,-0.5429761946500932,-0.014185653734470728,-0.49010289801345597
validation,volatility,1006,0.026139080904477696,0.0064845826525201655,0.007435194716468868,0.044093457711681563,0.16862353515313186,0.2648542960312113,-0.0680309771695855,0.5069582504970179,2.9504740938368522e-05,0.002777626751191728,0.02802683325527523,7.062761980329357,0.004237657188197615,1.0032194492913573,0.0006152099191872002,0.032269493409454175,-0.945256301201751,0.3990022290870631,-0.05526222834258692,-4.590818546705619,0.01529789834627496,0.7332090700150017
validation,ensemble,1006,-0.012496326175668537,-0.00314505940855192,-0.0019260666667867377,0.049487056083708604,-0.038920615191349185,0.10687064862161669,-0.08367714183348951,0.5089463220675944,-7.643121693598166e-06,0.003117391512242832,0.047669108589347954,12.012615364515684,0.00720756921870941,1.0038260055312567,0.0001764669527835013,0.048968042983346116,-1.0390038204455279,0.4685419609482555,-0.007248587810244781,-0.5118388747145891,-0.0008947384088442363,-0.035918408660940204
validation,equal_weight,1006,-0.029169729948605783,-0.007388191936190558,-0.006302245523417907,0.04719868357803705,-0.1335258749960249,0.04083039494190966,-0.08916233420255903,0.5019880715705766,-2.5008910807213916e-05,0.0029732375942170064,0.05440485241758409,13.71002280923119,0.008226013685538715,1.0036587710132394,0.00010350091016183823,0.04594948683835831,-1.0823865793621483,,-0.0012659440009805348,-0.09339916696546015,-0.006122127153417776,-0.259125671808575
test,reversal,1508,0.08519536398765548,0.013756579458068963,0.015700220347407867,0.06387346589883978,0.24580191675011406,0.4323630708233651,-0.15822814924485162,0.5046419098143236,6.230246169606296e-05,0.004023650146287971,0.07841622627062375,19.760889020197187,0.011856533412118314,1.0024995587568517,0.0013001399227237222,0.06636588430453483,-0.6912201540310378,0.3636129485241647,0.029274583797122434,2.6891694695170574,0.010967523018646366,0.43452741683896895
test,momentum,1508,-0.10441995697808781,-0.01826058555958132,-0.014683632645104668,0.08641052493024974,-0.16992875181532857,-0.1064923280120459,-0.2401693296862687,0.5397877984084881,-5.826838351232011e-05,0.0054433514196187555,0.03623494669621403,9.131206567445934,0.005478723940467561,1.0050145945699374,-0.0004650147810232274,0.15465247584238728,-0.7659387410228671,0.008415640875219255,-0.029171134454523993,-1.9911485873042138,-0.009967659531135443,-0.3011620102611913
test,volatility,1508,-0.05879059468435577,-0.010073971580206842,-0.00832556887045253,0.059976640123292034,-0.1388135256216075,-0.06434123629875266,-0.17014696793171769,0.5112732095490716,-3.303797170814496e-05,0.0037781731961773575,0.02953318668632229,7.442363044953217,0.00446541782697193,1.0041093584866896,-3.3375812370696223e-05,0.09035899928577806,-0.7596159495698929,0.13316107693139262,-0.04008667801377709,-3.970262857220318,-0.0018449263011335597,-0.08254418348700086
test,ensemble,1508,0.012137229439167285,0.002018060936120669,0.003988835603887097,0.06279659344256636,0.0635199361177972,0.22127600170332093,-0.14685133911126003,0.5172413793103449,1.5828712713837686e-05,0.003955813557882381,0.06540768354873606,16.482736254281487,0.00988964175256889,1.0034562171388468,0.0008157781207350491,0.06323853135962904,-0.7313567793375446,0.950522785392342,0.00575156741179464,0.496468474451915,0.003059004187166204,0.12365142386619367
test,equal_weight,1508,-0.09881604300870728,-0.017236694797944874,-0.015084938551864947,0.06780262914084115,-0.22248309162953217,-0.09616945612094162,-0.17598414040680255,0.519893899204244,-5.986086726930535e-05,0.004271164165309683,0.05665577723790083,14.277255863951009,0.008566353518370604,1.0044105637706235,4.150241281337613e-05,0.10085231343260825,-0.8040243463756277,,-0.008090356286192708,-0.6353686650512189,-0.013777005094988382,-0.5220395232940823
